<?xml version="1.0" encoding="UTF-8"?>
<rss version="2.0" xmlns:ror="http://rorweb.com/0.1/" >
<channel>
  <title>ROR Sitemap for http://35.154.9.100:3000/</title>
  <link>http://35.154.9.100:3000/</link>

<item>
     <link>http://35.154.9.100:3000/</link>
     <title>Full Stack Ruby on Rails Developer | Abhishek Shukla</title>
     <description>Full Stack Ruby on Rails Developer | Abhishek Shukla</description>
     <ror:updatePeriod></ror:updatePeriod>
     <ror:sortOrder>0</ror:sortOrder>
     <ror:resourceOf>sitemap</ror:resourceOf>
</item>
<item>
     <link>http://35.154.9.100:3000/Abhishek%20Pradeep%20Shukla.pdf</link>
     <title></title>
     
     <ror:updatePeriod></ror:updatePeriod>
     <ror:sortOrder>1</ror:sortOrder>
     <ror:resourceOf>sitemap</ror:resourceOf>
</item>
</channel>
</rss>
  